<?xml version="1.0" encoding="UTF-8"?>
<manifest identifier="BWV001" version="1.2" 
xmlns="http://www.imsproject.org/xsd/imscp_rootv1p1p2" 
xmlns:adlcp="http://www.adlnet.org/xsd/adlcp_rootv1p2" 
xmlns:xsi="http://www.w3.org/2001/XMLSchema-instance" 
xsi:schemaLocation = "http://www.imsproject.org/xsd/imscp_rootv1p1p2 imscp_rootv1p1p2.xsd http://www.imsglobal.org/xsd/imsmd_rootv1p2p1 imsmd_rootv1p2p1.xsd http://www.adlnet.org/xsd/adlcp_rootv1p2 adlcp_rootv1p2.xsd ">
<metadata>
	<schema>
		ADL SCORM
	</schema>
	<schemaversion>
		1.2
	</schemaversion>
	<lom xmlns="http://www.imsglobal.org/xsd/imsmd_rootv1p2p1">
		<general> 
			<identifier>
			</identifier>
			<title>
				<langstring xml:lang="en">Brightwave Example HTML course</langstring>
			</title>
			<catalogentry>
				<catalog>
					BrightWave_Catalog
				</catalog>
				<entry>
					<langstring xml:lang="en">BrightWave</langstring>
				</entry>
			</catalogentry>
			<language>
				en
			</language>
			<description>
				<langstring xml:lang="en">Brightwave Example course.</langstring>
			</description>
			<keyword>
				<langstring xml:lang="en">Brightwave,elearning,example,course</langstring>
			</keyword>
		</general>
		<lifecycle>
			<version>
				<langstring xml:lang="en">1</langstring>
			</version>
			<status>
				<source>
					<langstring xml:lang="x-none">LOMv1.0</langstring>
				</source>
				<value>
					<langstring xml:lang="x-none">Final</langstring>
				</value>
			</status>
		</lifecycle>
		<technical>
			<format>
				text/html
			</format>
			<location type="URI">
				index.htm
			</location>
			<requirement>
				<type>
					<source>
						<langstring xml:lang="x-none">LOMv1.0</langstring>
					</source>
					<value>
						<langstring xml:lang="x-none">Browser</langstring>
					</value>
				</type>
				<name>
					<source>
						<langstring xml:lang="x-none">LOMv1.0</langstring>
					</source>
					<value>
						<langstring xml:lang="x-none">Microsoft Internet Explorer</langstring>
					</value>
				</name>
				<minimumversion>
					8.0
				</minimumversion>
				<maximumversion>
					10.0
				</maximumversion>
			</requirement>
			<requirement>
				<type>
					<source>
						<langstring xml:lang="x-none">LOMv1.0</langstring>
					</source>
					<value>
						<langstring xml:lang="x-none">Operating System</langstring>
					</value>
				</type>
				<name>
					<source>
						<langstring xml:lang="x-none">LOMv1.0</langstring>
					</source>
					<value>
						<langstring xml:lang="x-none">MS-Windows</langstring>
					</value>
				</name>
				<minimumversion>
					Windows XP
				</minimumversion>
				<maximumversion>
					Windows 8
				</maximumversion>
			</requirement>
		</technical>
		<educational>
			<interactivitytype>
				<source>
					<langstring xml:lang="x-none">LOMv1.0</langstring>
				</source>
				<value>
					<langstring xml:lang="x-none">Active</langstring>
				</value>
			</interactivitytype>
			<interactivitylevel>
				<source>
					<langstring xml:lang="x-none">LOMv1.0</langstring>
				</source>
				<value>
					<langstring xml:lang="x-none">very high</langstring>
				</value>
			</interactivitylevel>
		</educational>
		<rights>
			<cost>
				<source>
					<langstring xml:lang="x-none">LOMv1.0</langstring>
				</source>
				<value>
					<langstring xml:lang="x-none">no</langstring>
				</value>
			</cost>
			<copyrightandotherrestrictions>
				<source>
					<langstring xml:lang="x-none">LOMv1.0</langstring>
				</source>
				<value>
					<langstring xml:lang="x-none">no</langstring>
				</value>
			</copyrightandotherrestrictions>
		</rights>
	</lom>
</metadata>

<organizations default="ID_Org_0_0_BWV001">
	<organization identifier="ID_Org_0_0_BWV001">
		<title>Brightwave Example HTML course</title>
		<item identifier="ID_Itm_0_0_BWV001" identifierref="ID_Res_0_0_BWV001" isvisible="true" parameters="">
			<title>Brightwave Example HTML course</title>
			<adlcp:maxtimeallowed>00:10:00</adlcp:maxtimeallowed>
			<adlcp:timelimitaction>continue,no message</adlcp:timelimitaction>
			<adlcp:datafromlms>Course_Launch</adlcp:datafromlms>
		</item>
	</organization>
</organizations>
<resources>
	<resource identifier="ID_Res_0_0_BWV001" type="webcontent" adlcp:scormtype="sco" href="index.htm">
		<file href="index.htm"/>
	</resource> 
</resources> 
</manifest>

